fold,auroc,f1,precision,recall,ap
1,1.0,1.0,1.0,1.0,1.0000000000000002
2,1.0,1.0,1.0,1.0,1.0000000000000002
3,1.0,1.0,1.0,1.0,1.0000000000000002
4,0.9974999999999999,0.9743589743589743,1.0,0.95,0.9916666666666667
5,1.0,1.0,1.0,1.0,1.0
