{
  "real_data_stats": {
    "total_records": 240204,
    "exploitation_rate": 0.0671887229188523,
    "insurance_violation_rate": 0.05469101263925663,
    "wage_violation_rate": 0.014179613994771112,
    "overtime_exploitation_rate": 0.0008118099615326972,
    "wage_mean": 3452426.5874007093,
    "wage_p50": 2855000.0
  },
  "model_performance": {
    "XGBoost (실제 데이터)": {
      "auroc": 0.999843511111111,
      "auroc_std": 9.714104236868724e-05,
      "f1": 0.9923131368295662,
      "f1_std": 0.0010952137446569592,
      "ap": 0.9994301919078421,
      "data_type": "real"
    },
    "LNN (합성 시계열)": {
      "auroc": 1.0,
      "f1": 1.0,
      "ap": 1.0,
      "data_type": "synthetic_calibrated"
    },
    "LSTM (합성 시계열)": {
      "auroc": 1.0,
      "f1": 1.0,
      "ap": 0.9999999999999998,
      "data_type": "synthetic_calibrated"
    }
  },
  "feature_importance": {
    "insurance_score": 0.47648149728775024,
    "hourly_wage": 0.10996617376804352,
    "사업체규모코드": 0.08775447309017181,
    "employment_risk": 0.08244811743497849,
    "연령": 0.0646430179476738,
    "overtime_pay_ratio": 0.05694759264588356,
    "초과실근로시간수": 0.02552276849746704,
    "year": 0.024571329355239868,
    "산업대분류코드": 0.016060907393693924,
    "고용형태코드": 0.015919581055641174,
    "소정실근로시간수": 0.013560362160205841,
    "초과급여액": 0.010666732676327229,
    "total_work_hours": 0.0038017809856683016,
    "정액급여액": 0.003549403976649046,
    "성별코드": 0.003059258684515953
  }
}